--
-- This file contains the out of box menus items (modules and sections) for the admin and their corresponding 
-- permission mappings.
--
-- Client systems can choose new modules and associated permission mappings by deleting rows they don't want and adding
-- others that make sense for their admin.
--
-- Ultra Commerce add-on modules will add rows to these tables as needed.
--

--
-- Create UC MODULES (These modules are required for the admin left navigation)
--
INSERT INTO UC_ADMIN_MODULE (ADMIN_MODULE_ID, NAME, MODULE_KEY, ICON, DISPLAY_ORDER) VALUES (-1,'Catalog','UCMerchandising', 'icon-barcode', 100);
INSERT INTO UC_ADMIN_MODULE (ADMIN_MODULE_ID, NAME, MODULE_KEY, ICON, DISPLAY_ORDER) VALUES (-2,'Content','UCContentManagement', 'icon-file', 200);
INSERT INTO UC_ADMIN_MODULE (ADMIN_MODULE_ID, NAME, MODULE_KEY, ICON, DISPLAY_ORDER) VALUES (-3,'Customer Care','UCCustomerCare', 'icon-heart', 300);
INSERT INTO UC_ADMIN_MODULE (ADMIN_MODULE_ID, NAME, MODULE_KEY, ICON, DISPLAY_ORDER) VALUES (-6,'Design','UCDesign', 'icon-picture', 400);
INSERT INTO UC_ADMIN_MODULE (ADMIN_MODULE_ID, NAME, MODULE_KEY, ICON, DISPLAY_ORDER) VALUES (-7,'Site Updates','UCWorkflow', 'icon-refresh', 500);
INSERT INTO UC_ADMIN_MODULE (ADMIN_MODULE_ID, NAME, MODULE_KEY, ICON, DISPLAY_ORDER) VALUES (-4,'Security','UCOpenAdmin', 'icon-user', 600);
INSERT INTO UC_ADMIN_MODULE (ADMIN_MODULE_ID, NAME, MODULE_KEY, ICON, DISPLAY_ORDER) VALUES (-5,'Settings','UCModuleConfiguration', 'icon-gear', 700);

--
-- Create UC SECTIONS (These modules are required for the admin left navigation)
--
INSERT INTO UC_ADMIN_SECTION (ADMIN_SECTION_ID, DISPLAY_ORDER, ADMIN_MODULE_ID, NAME, SECTION_KEY, URL, CEILING_ENTITY) VALUES (-1, 1000, -1, 'Category', 'Category', '/category', 'com.ultracommerce.core.catalog.domain.Category');
INSERT INTO UC_ADMIN_SECTION (ADMIN_SECTION_ID, DISPLAY_ORDER, ADMIN_MODULE_ID, NAME, SECTION_KEY, URL, CEILING_ENTITY) VALUES (-2, 2000, -1, 'Product', 'Product', '/product', 'com.ultracommerce.core.catalog.domain.Product');
INSERT INTO UC_ADMIN_SECTION (ADMIN_SECTION_ID, DISPLAY_ORDER, ADMIN_MODULE_ID, NAME, SECTION_KEY, URL, CEILING_ENTITY) VALUES (-3, 3000, -1, 'Product Options', 'ProductOptions', '/product-options', 'com.ultracommerce.core.catalog.domain.ProductOption');
INSERT INTO UC_ADMIN_SECTION (ADMIN_SECTION_ID, DISPLAY_ORDER, ADMIN_MODULE_ID, NAME, SECTION_KEY, URL, CEILING_ENTITY) VALUES (-4, 4000, -1, 'Offer', 'Offer', '/offer', 'com.ultracommerce.core.offer.domain.Offer');

INSERT INTO UC_ADMIN_SECTION (ADMIN_SECTION_ID, DISPLAY_ORDER, ADMIN_MODULE_ID, NAME, SECTION_KEY, URL, CEILING_ENTITY) VALUES (-5, 1000, -2, 'Pages', 'Pages', '/pages', 'com.ultracommerce.cms.page.domain.Page');
INSERT INTO UC_ADMIN_SECTION (ADMIN_SECTION_ID, DISPLAY_ORDER, ADMIN_MODULE_ID, NAME, SECTION_KEY, URL, CEILING_ENTITY) VALUES (-7, 2000, -2, 'Structured Content', 'StructuredContent', '/structured-content', 'com.ultracommerce.cms.structure.domain.StructuredContent');
INSERT INTO UC_ADMIN_SECTION (ADMIN_SECTION_ID, DISPLAY_ORDER, ADMIN_MODULE_ID, NAME, SECTION_KEY, URL, CEILING_ENTITY) VALUES (-6, 3000, -2, 'Assets', 'Assets', '/assets', 'com.ultracommerce.cms.file.domain.StaticAsset');
INSERT INTO UC_ADMIN_SECTION (ADMIN_SECTION_ID, DISPLAY_ORDER, ADMIN_MODULE_ID, NAME, SECTION_KEY, URL, CEILING_ENTITY) VALUES (-8, 4000, -2, 'Redirect URL', 'RedirectURL', '/redirect-url', 'com.ultracommerce.cms.url.domain.URLHandler');

INSERT INTO UC_ADMIN_SECTION (ADMIN_SECTION_ID, DISPLAY_ORDER, ADMIN_MODULE_ID, NAME, SECTION_KEY, URL, CEILING_ENTITY) VALUES (-9, 2000, -3, 'Order', 'Order', '/order', 'com.ultracommerce.core.order.domain.Order');
INSERT INTO UC_ADMIN_SECTION (ADMIN_SECTION_ID, DISPLAY_ORDER, ADMIN_MODULE_ID, NAME, SECTION_KEY, URL, CEILING_ENTITY) VALUES (-10, 1000, -3,'Customer', 'Customer', '/customer', 'com.ultracommerce.profile.core.domain.Customer');

INSERT INTO UC_ADMIN_SECTION (ADMIN_SECTION_ID, DISPLAY_ORDER, ADMIN_MODULE_ID, NAME, SECTION_KEY, URL, CEILING_ENTITY) VALUES (-11, 1000, -4, 'User Management', 'UserManagement', '/user-management', 'com.ultracommerce.openadmin.server.security.domain.AdminUser');
INSERT INTO UC_ADMIN_SECTION (ADMIN_SECTION_ID, DISPLAY_ORDER, ADMIN_MODULE_ID, NAME, SECTION_KEY, URL, CEILING_ENTITY) VALUES (-12, 2000, -4, 'Role Management', 'RoleManagement', '/role-management', 'com.ultracommerce.openadmin.server.security.domain.AdminRole');

INSERT INTO UC_ADMIN_SECTION (ADMIN_SECTION_ID, DISPLAY_ORDER, ADMIN_MODULE_ID, NAME, SECTION_KEY, URL, CEILING_ENTITY) VALUES (-13, 1000, -5, 'Configuration Management', 'ConfigurationManagement', '/configuration-management', 'com.ultracommerce.common.config.domain.ModuleConfiguration');
INSERT INTO UC_ADMIN_SECTION (ADMIN_SECTION_ID, DISPLAY_ORDER, ADMIN_MODULE_ID, NAME, SECTION_KEY, URL, CEILING_ENTITY) VALUES (-15, 3000, -5, 'System Property Management', 'SystemPropertyManagement', '/system-properties-management', 'com.ultracommerce.common.config.domain.SystemProperty');
INSERT INTO UC_ADMIN_SECTION (ADMIN_SECTION_ID, DISPLAY_ORDER, ADMIN_MODULE_ID, NAME, SECTION_KEY, URL, CEILING_ENTITY) VALUES (-16, 2000, -5, 'System Properties', 'SystemProperties', '/system-properties', 'com.ultracommerce.common.config.domain.SystemProperty');

-- INSERT INTO UC_ADMIN_SECTION (ADMIN_SECTION_ID, DISPLAY_ORDER, ADMIN_MODULE_ID, NAME, SECTION_KEY, URL, CEILING_ENTITY) VALUES (-14, 2000, -5, 'Enumerations', 'Enumerations', '/enumerations', 'com.ultracommerce.common.enumeration.domain.DataDrivenEnumeration');


--
--
-- Mapping from Sections to Permissions
--
-- Category
INSERT INTO UC_ADMIN_SEC_PERM_XREF (ADMIN_SECTION_ID, ADMIN_PERMISSION_ID) VALUES (-1,-2);
INSERT INTO UC_ADMIN_SEC_PERM_XREF (ADMIN_SECTION_ID, ADMIN_PERMISSION_ID) VALUES (-1,-3);
INSERT INTO UC_ADMIN_SEC_PERM_XREF (ADMIN_SECTION_ID, ADMIN_PERMISSION_ID) VALUES (-1,-4);
INSERT INTO UC_ADMIN_SEC_PERM_XREF (ADMIN_SECTION_ID, ADMIN_PERMISSION_ID) VALUES (-1,-5);

-- Product
INSERT INTO UC_ADMIN_SEC_PERM_XREF (ADMIN_SECTION_ID, ADMIN_PERMISSION_ID) VALUES (-2,-7);
INSERT INTO UC_ADMIN_SEC_PERM_XREF (ADMIN_SECTION_ID, ADMIN_PERMISSION_ID) VALUES (-2,-8);
INSERT INTO UC_ADMIN_SEC_PERM_XREF (ADMIN_SECTION_ID, ADMIN_PERMISSION_ID) VALUES (-2,-9);
INSERT INTO UC_ADMIN_SEC_PERM_XREF (ADMIN_SECTION_ID, ADMIN_PERMISSION_ID) VALUES (-2,-10);

-- Product Options
INSERT INTO UC_ADMIN_SEC_PERM_XREF (ADMIN_SECTION_ID, ADMIN_PERMISSION_ID) VALUES (-3,-12);
INSERT INTO UC_ADMIN_SEC_PERM_XREF (ADMIN_SECTION_ID, ADMIN_PERMISSION_ID) VALUES (-3,-13);
INSERT INTO UC_ADMIN_SEC_PERM_XREF (ADMIN_SECTION_ID, ADMIN_PERMISSION_ID) VALUES (-3,-14);
INSERT INTO UC_ADMIN_SEC_PERM_XREF (ADMIN_SECTION_ID, ADMIN_PERMISSION_ID) VALUES (-3,-15);

-- Promotion
INSERT INTO UC_ADMIN_SEC_PERM_XREF (ADMIN_SECTION_ID, ADMIN_PERMISSION_ID) VALUES (-4,-22);
INSERT INTO UC_ADMIN_SEC_PERM_XREF (ADMIN_SECTION_ID, ADMIN_PERMISSION_ID) VALUES (-4,-23);
INSERT INTO UC_ADMIN_SEC_PERM_XREF (ADMIN_SECTION_ID, ADMIN_PERMISSION_ID) VALUES (-4,-24);
INSERT INTO UC_ADMIN_SEC_PERM_XREF (ADMIN_SECTION_ID, ADMIN_PERMISSION_ID) VALUES (-4,-25);

-- Pages
INSERT INTO UC_ADMIN_SEC_PERM_XREF (ADMIN_SECTION_ID, ADMIN_PERMISSION_ID) VALUES (-5,-47);
INSERT INTO UC_ADMIN_SEC_PERM_XREF (ADMIN_SECTION_ID, ADMIN_PERMISSION_ID) VALUES (-5,-48);
INSERT INTO UC_ADMIN_SEC_PERM_XREF (ADMIN_SECTION_ID, ADMIN_PERMISSION_ID) VALUES (-5,-49);
INSERT INTO UC_ADMIN_SEC_PERM_XREF (ADMIN_SECTION_ID, ADMIN_PERMISSION_ID) VALUES (-5,-50);

-- Assets
INSERT INTO UC_ADMIN_SEC_PERM_XREF (ADMIN_SECTION_ID, ADMIN_PERMISSION_ID) VALUES (-6,-52);
INSERT INTO UC_ADMIN_SEC_PERM_XREF (ADMIN_SECTION_ID, ADMIN_PERMISSION_ID) VALUES (-6,-53);
INSERT INTO UC_ADMIN_SEC_PERM_XREF (ADMIN_SECTION_ID, ADMIN_PERMISSION_ID) VALUES (-6,-54);
INSERT INTO UC_ADMIN_SEC_PERM_XREF (ADMIN_SECTION_ID, ADMIN_PERMISSION_ID) VALUES (-6,-55);

-- Structured Content
INSERT INTO UC_ADMIN_SEC_PERM_XREF (ADMIN_SECTION_ID, ADMIN_PERMISSION_ID) VALUES (-7,-57);
INSERT INTO UC_ADMIN_SEC_PERM_XREF (ADMIN_SECTION_ID, ADMIN_PERMISSION_ID) VALUES (-7,-58);
INSERT INTO UC_ADMIN_SEC_PERM_XREF (ADMIN_SECTION_ID, ADMIN_PERMISSION_ID) VALUES (-7,-59);
INSERT INTO UC_ADMIN_SEC_PERM_XREF (ADMIN_SECTION_ID, ADMIN_PERMISSION_ID) VALUES (-7,-60);

-- Redirect URL
INSERT INTO UC_ADMIN_SEC_PERM_XREF (ADMIN_SECTION_ID, ADMIN_PERMISSION_ID) VALUES (-8,-69);
INSERT INTO UC_ADMIN_SEC_PERM_XREF (ADMIN_SECTION_ID, ADMIN_PERMISSION_ID) VALUES (-8,-70);
INSERT INTO UC_ADMIN_SEC_PERM_XREF (ADMIN_SECTION_ID, ADMIN_PERMISSION_ID) VALUES (-8,-71);
INSERT INTO UC_ADMIN_SEC_PERM_XREF (ADMIN_SECTION_ID, ADMIN_PERMISSION_ID) VALUES (-8,-72);

-- Order
INSERT INTO UC_ADMIN_SEC_PERM_XREF (ADMIN_SECTION_ID, ADMIN_PERMISSION_ID) VALUES (-9,-27);
INSERT INTO UC_ADMIN_SEC_PERM_XREF (ADMIN_SECTION_ID, ADMIN_PERMISSION_ID) VALUES (-9,-28);
INSERT INTO UC_ADMIN_SEC_PERM_XREF (ADMIN_SECTION_ID, ADMIN_PERMISSION_ID) VALUES (-9,-29);
INSERT INTO UC_ADMIN_SEC_PERM_XREF (ADMIN_SECTION_ID, ADMIN_PERMISSION_ID) VALUES (-9,-30);

-- Customer
INSERT INTO UC_ADMIN_SEC_PERM_XREF (ADMIN_SECTION_ID, ADMIN_PERMISSION_ID) VALUES (-10,-42);
INSERT INTO UC_ADMIN_SEC_PERM_XREF (ADMIN_SECTION_ID, ADMIN_PERMISSION_ID) VALUES (-10,-43);
INSERT INTO UC_ADMIN_SEC_PERM_XREF (ADMIN_SECTION_ID, ADMIN_PERMISSION_ID) VALUES (-10,-44);
INSERT INTO UC_ADMIN_SEC_PERM_XREF (ADMIN_SECTION_ID, ADMIN_PERMISSION_ID) VALUES (-10,-45);

-- User Management
INSERT INTO UC_ADMIN_SEC_PERM_XREF (ADMIN_SECTION_ID, ADMIN_PERMISSION_ID) VALUES (-11,-64);
INSERT INTO UC_ADMIN_SEC_PERM_XREF (ADMIN_SECTION_ID, ADMIN_PERMISSION_ID) VALUES (-11,-65);
INSERT INTO UC_ADMIN_SEC_PERM_XREF (ADMIN_SECTION_ID, ADMIN_PERMISSION_ID) VALUES (-11,-66);
INSERT INTO UC_ADMIN_SEC_PERM_XREF (ADMIN_SECTION_ID, ADMIN_PERMISSION_ID) VALUES (-11,-67);

-- Role Management
INSERT INTO UC_ADMIN_SEC_PERM_XREF (ADMIN_SECTION_ID, ADMIN_PERMISSION_ID) VALUES (-12,-64);
INSERT INTO UC_ADMIN_SEC_PERM_XREF (ADMIN_SECTION_ID, ADMIN_PERMISSION_ID) VALUES (-12,-65);
INSERT INTO UC_ADMIN_SEC_PERM_XREF (ADMIN_SECTION_ID, ADMIN_PERMISSION_ID) VALUES (-12,-66);
INSERT INTO UC_ADMIN_SEC_PERM_XREF (ADMIN_SECTION_ID, ADMIN_PERMISSION_ID) VALUES (-12,-67);

-- Configuration Managament
INSERT INTO UC_ADMIN_SEC_PERM_XREF (ADMIN_SECTION_ID, ADMIN_PERMISSION_ID) VALUES (-13,-89);
INSERT INTO UC_ADMIN_SEC_PERM_XREF (ADMIN_SECTION_ID, ADMIN_PERMISSION_ID) VALUES (-13,-90);
INSERT INTO UC_ADMIN_SEC_PERM_XREF (ADMIN_SECTION_ID, ADMIN_PERMISSION_ID) VALUES (-13,-91);
INSERT INTO UC_ADMIN_SEC_PERM_XREF (ADMIN_SECTION_ID, ADMIN_PERMISSION_ID) VALUES (-13,-92);

-- Data Driven Enumerations
-- INSERT INTO UC_ADMIN_SEC_PERM_XREF (ADMIN_SECTION_ID, ADMIN_PERMISSION_ID) VALUES (-14,-94);
-- INSERT INTO UC_ADMIN_SEC_PERM_XREF (ADMIN_SECTION_ID, ADMIN_PERMISSION_ID) VALUES (-14,-95);
-- INSERT INTO UC_ADMIN_SEC_PERM_XREF (ADMIN_SECTION_ID, ADMIN_PERMISSION_ID) VALUES (-14,-96);
-- INSERT INTO UC_ADMIN_SEC_PERM_XREF (ADMIN_SECTION_ID, ADMIN_PERMISSION_ID) VALUES (-14,-97);

-- System Properties
INSERT INTO UC_ADMIN_SEC_PERM_XREF (ADMIN_SECTION_ID, ADMIN_PERMISSION_ID) VALUES (-15,-109);
INSERT INTO UC_ADMIN_SEC_PERM_XREF (ADMIN_SECTION_ID, ADMIN_PERMISSION_ID) VALUES (-15,-110);
INSERT INTO UC_ADMIN_SEC_PERM_XREF (ADMIN_SECTION_ID, ADMIN_PERMISSION_ID) VALUES (-15,-111);
INSERT INTO UC_ADMIN_SEC_PERM_XREF (ADMIN_SECTION_ID, ADMIN_PERMISSION_ID) VALUES (-15,-112);
